n_size,option,measurement_unit,mean
100000,Altair Line Plot,seconds,0.011565804729859035
100000,MatPlotlib Line Plot,seconds,0.013319454714655876
100000,Plotly Line Plot,seconds,0.007647459597016374
100000,Pygal Line Plot,seconds,0.002751705547173818
10000,Altair Line Plot,seconds,0.007201277697458863
10000,MatPlotlib Line Plot,seconds,0.00865145771143337
10000,Plotly Line Plot,seconds,0.003118612679342429
10000,Pygal Line Plot,seconds,0.0006641850496331851
200000,Altair Line Plot,seconds,0.011767566141982874
200000,MatPlotlib Line Plot,seconds,0.013034998113289476
200000,Plotly Line Plot,seconds,0.007416956095645825
200000,Pygal Line Plot,seconds,0.0028135787385205426
300000,Altair Line Plot,seconds,0.011928712421407302
300000,MatPlotlib Line Plot,seconds,0.012798789345348874
300000,Plotly Line Plot,seconds,0.007900520243371527
300000,Pygal Line Plot,seconds,0.0029490924905985596
50000,Altair Line Plot,seconds,0.012226872704923153
50000,MatPlotlib Line Plot,seconds,0.013292671584834655
50000,Plotly Line Plot,seconds,0.007575877740358313
50000,Pygal Line Plot,seconds,0.0027762910972038905
